,name,name_eng,description_short,description,founded_date,product,homepage,employee_cnt,revenue,ceo_name,email,tel,fax,address1,address2,post_code,facebook,youtube,logo,hash_tag,nation_id,industry_id,is_active,created_at,updated_at
0,Aritzia Inc.,Aritzia Inc.,"Aritzia Inc., together with its subsidiaries, designs and sells apparels and accessories for women in North America. It offers t-shirts and tops, bodysuits, shirts and blouses, sweaters, jumpsuits and rompers, shirt jackets, skirts, bodysuits, activeware, knitwear, sweatsuits, pants, denims, leggings, bike shorts, dresses, jackets, blazers, jackets and coats, and shoes, as well as accessories, including hats, socks, face masks, intimates, gloves and mittens, belts, scarves, scrunchies, bags, and iphone cases. The company offers its products under the Wilfred, Super World, Babaton, and TNA brands. As of February 27, 2022, it operates approximately 105 boutiques. In addition, it sells its products through online at aritzia.com. The company was formerly known as Aritzia Capital Corporation and changed its name to Aritzia Inc. in August 2016. Aritzia Inc. was founded in 1984 and is headquartered in Vancouver, Canada.","Aritzia Inc., together with its subsidiaries, designs and sells apparels and accessories for women in North America. It offers t-shirts and tops, bodysuits, shirts and blouses, sweaters, jumpsuits and rompers, shirt jackets, skirts, bodysuits, activeware, knitwear, sweatsuits, pants, denims, leggings, bike shorts, dresses, jackets, blazers, jackets and coats, and shoes, as well as accessories, including hats, socks, face masks, intimates, gloves and mittens, belts, scarves, scrunchies, bags, and iphone cases. The company offers its products under the Wilfred, Super World, Babaton, and TNA brands. As of February 27, 2022, it operates approximately 105 boutiques. In addition, it sells its products through online at aritzia.com. The company was formerly known as Aritzia Capital Corporation and changed its name to Aritzia Inc. in August 2016. Aritzia Inc. was founded in 1984 and is headquartered in Vancouver, Canada.",2016-10-03,Apparel Retail,https://www.aritzia.com,6569,1494630000,Mr. Brian Hill,NA,16042513132,NA,611 Alexander St Suite 118,"Vancouver, BRITISH COLUMBIA, CA",V6C 2X8,https://www.aritzia.com,https://www.aritzia.com,https://financialmodelingprep.com/image-stock/ATZ.TO.png,"#Aritzia Inc., #Apparel Retail, #Consumer Cyclical",17,1,TRUE,2022-05-23,2022-05-23
1,Perseus Mining Limited,Perseus Mining Limited,"Perseus Mining Limited explores, evaluates, develops, and mines for gold properties in West Africa. The company primarily holds interests in the Edikan gold mine project located in Ghana; and SissinguÃ© and Yaoure gold projects located in CÃ´te d'Ivoire. Perseus Mining Limited was incorporated in 2003 and is based in Subiaco, Australia.","Perseus Mining Limited explores, evaluates, develops, and mines for gold properties in West Africa. The company primarily holds interests in the Edikan gold mine project located in Ghana; and SissinguÃ© and Yaoure gold projects located in CÃ´te d'Ivoire. Perseus Mining Limited was incorporated in 2003 and is based in Subiaco, Australia.",2004-09-22,Gold,https://www.perseusmining.com,48,679731000,Mr. Jeffrey Quartermaine,NA,61861441700,NA,L 2 437 Roberts Rd,"Subiaco, WESTERN AUSTRALIA, AU",6008,https://www.perseusmining.com,https://www.perseusmining.com,https://financialmodelingprep.com/image-stock/PRU.TO.png,"#Perseus Mining Limited, #Gold, #Basic Materials",17,1,TRUE,2022-05-23,2022-05-23
2,Atrium Mortgage Investment Corporation,Atrium Mortgage Investment Corporation,"Atrium Mortgage Investment Corporation, a non-bank lender, provides financing solutions to the real estate communities in Ontario, Alberta, and British Columbia. It offers various types of mortgage loans for residential, multi-residential, and commercial real properties, which includes first and second mortgages; infill construction and financing; land and land assembly financing for stacked and traditional townhomes, single detached homes, and low-rise and midrise condominiums; and bridge and term financing. The company was incorporated in 2001 and is headquartered in Toronto, Canada.","Atrium Mortgage Investment Corporation, a non-bank lender, provides financing solutions to the real estate communities in Ontario, Alberta, and British Columbia. It offers various types of mortgage loans for residential, multi-residential, and commercial real properties, which includes first and second mortgages; infill construction and financing; land and land assembly financing for stacked and traditional townhomes, single detached homes, and low-rise and midrise condominiums; and bridge and term financing. The company was incorporated in 2001 and is headquartered in Toronto, Canada.",2012-09-04,Mortgage Finance,https://www.atriummic.com/Default.aspx,0,44464000,Mr. Robert Goodall,NA,14166074214,NA,20 Adelaide St E Suite 900,"TORONTO, ONTARIO, CA",M5C 2T6,https://www.atriummic.com/Default.aspx,https://www.atriummic.com/Default.aspx,https://financialmodelingprep.com/image-stock/AI.TO.png,"#Atrium Mortgage Investment Corporation, #Mortgage Finance, #Financial Services",17,1,TRUE,2022-05-23,2022-05-23
3,IGM Financial Inc.,IGM Financial Inc.,"IGM Financial Inc. operates as a wealth and asset management company in Canada. It operates through Wealth Management, Asset Management, and Strategic Investments and Other segments. The company offers financial advisory services; IG Living Plan that provides financial planning services, such as investment vehicles, insurance products, mortgage and banking solutions, and charitable giving program; IG Wealth Management Advisor Portal, a customer relationship management platform; and IG Wealth Management's dealer platform, which provides increased automation and supports both MFDA and IIROC licensed advisors, as well as new products on its investment dealer platform. It also provides mutual funds; portfolios; IG Advisory Account, a fee-based account that enhances client experience by offering the ability to simplify and consolidate selected investments into a single account; iProfile Private portfolios, a portfolio management program for households with investments; iProfile Portfolios, a suite of four managed solutions; segregated funds; separately managed and fee-based brokerage accounts; insurance products; and securities services. In addition, the company offers management and related services; global private equity, private credit, and infrastructure investment solutions; and exchange traded funds. The company was incorporated in 1978 and is headquartered in Winnipeg, Canada. IGM Financial Inc. is a subsidiary of Power Financial Corporation.","IGM Financial Inc. operates as a wealth and asset management company in Canada. It operates through Wealth Management, Asset Management, and Strategic Investments and Other segments. The company offers financial advisory services; IG Living Plan that provides financial planning services, such as investment vehicles, insurance products, mortgage and banking solutions, and charitable giving program; IG Wealth Management Advisor Portal, a customer relationship management platform; and IG Wealth Management's dealer platform, which provides increased automation and supports both MFDA and IIROC licensed advisors, as well as new products on its investment dealer platform. It also provides mutual funds; portfolios; IG Advisory Account, a fee-based account that enhances client experience by offering the ability to simplify and consolidate selected investments into a single account; iProfile Private portfolios, a portfolio management program for households with investments; iProfile Portfolios, a suite of four managed solutions; segregated funds; separately managed and fee-based brokerage accounts; insurance products; and securities services. In addition, the company offers management and related services; global private equity, private credit, and infrastructure investment solutions; and exchange traded funds. The company was incorporated in 1978 and is headquartered in Winnipeg, Canada. IGM Financial Inc. is a subsidiary of Power Financial Corporation.",1986-11-13,Asset Management,https://www.igmfinancial.com,3300,3587598000,Mr. Jeffrey Carney,NA,12049568328,NA,447 Portage Avenue,"WINNIPEG, MANITOBA, CA",R3B 3H5,https://www.igmfinancial.com,https://www.igmfinancial.com,https://financialmodelingprep.com/image-stock/IGM.TO.png,"#IGM Financial Inc., #Asset Management, #Financial Services",17,1,TRUE,2022-05-23,2022-05-23
4,AgJunction Inc.,AgJunction Inc.,"AgJunction Inc. provides guidance and autosteering solutions for precision agriculture applications worldwide. Its products and solutions offer accurate guidance and positioning, autosteering, and machine automation for the agriculture markets and used in various farming operation, including tilling, planting, spraying, and harvesting. The company offers RANGER guidance solution, a GPS guidance solution, which shows visual cues in advance affording farmers the time to focus on farming instead of focusing on a map display; and Wheelman autosteering systems, such as Wheelman Pro and Wheelman Flex, and Whirl software for farmers to steer farm equipment directly to farmers through online. It also provides Wheelman white-label solutions; ECU-S1 hardware controller family; and MDU-G4 and MDU-G5 electronic steering, as well as software modules for integration into manufacturer and supplier systems. The company markets its solutions under the Novariant, Wheelman, Whirl, and Handsfreefarm brands. The company was formerly known as Hemisphere GPS Inc. and changed its name to AgJunction Inc. in May 2013. AgJunction Inc. was incorporated in 1990 and is headquartered in Scottsdale, Arizona.","AgJunction Inc. provides guidance and autosteering solutions for precision agriculture applications worldwide. Its products and solutions offer accurate guidance and positioning, autosteering, and machine automation for the agriculture markets and used in various farming operation, including tilling, planting, spraying, and harvesting. The company offers RANGER guidance solution, a GPS guidance solution, which shows visual cues in advance affording farmers the time to focus on farming instead of focusing on a map display; and Wheelman autosteering systems, such as Wheelman Pro and Wheelman Flex, and Whirl software for farmers to steer farm equipment directly to farmers through online. It also provides Wheelman white-label solutions; ECU-S1 hardware controller family; and MDU-G4 and MDU-G5 electronic steering, as well as software modules for integration into manufacturer and supplier systems. The company markets its solutions under the Novariant, Wheelman, Whirl, and Handsfreefarm brands. The company was formerly known as Hemisphere GPS Inc. and changed its name to AgJunction Inc. in May 2013. AgJunction Inc. was incorporated in 1990 and is headquartered in Scottsdale, Arizona.",1997-03-12,Communication Equipment,http://www.agjunction.com,55,16307000,Dr. M. Brett McMickell,NA,14803489919,NA,9105 E. Del Camino Dr. #115,"Scottsdale, ARIZONA, US",85258,http://www.agjunction.com,http://www.agjunction.com,https://financialmodelingprep.com/image-stock/AJX.TO.png,"#AgJunction Inc., #Communication Equipment, #Technology",17,1,FALSE,2022-05-23,2022-05-23
5,Canadian Utilities Limited,Canadian Utilities Limited,"Canadian Utilities Limited and its subsidiaries engage in the electricity, natural gas, and retail energy businesses worldwide. It operates through Utilities, Energy Infrastructure, and Corporate & Other segments. The Utilities segment provides regulated electricity transmission and distribution services in northern and central east Alberta, the Yukon, and the Northwest Territories; and integrated natural gas transmission and distribution services in Alberta, the Lloydminster area of Saskatchewan, and Western Australia. It owns and operates approximately 9,000 kilometers of natural gas pipelines, 16 compressor sites, approximately 3,700 receipt and delivery points, and a salt cavern storage peaking facility located near Fort Saskatchewan, Alberta in Canada. The Energy Infrastructure segment provides electricity generation, natural gas storage, industrial water, and related infrastructure development solutions in Alberta, the Yukon, the Northwest Territories, Australia, Mexico, and Chile. The Corporate & Other segment retails electricity and natural gas business in Alberta. The company was incorporated in 1927 and is headquartered in Calgary, Canada. Canadian Utilities Limited is a subsidiary of ATCO Ltd.","Canadian Utilities Limited and its subsidiaries engage in the electricity, natural gas, and retail energy businesses worldwide. It operates through Utilities, Energy Infrastructure, and Corporate & Other segments. The Utilities segment provides regulated electricity transmission and distribution services in northern and central east Alberta, the Yukon, and the Northwest Territories; and integrated natural gas transmission and distribution services in Alberta, the Lloydminster area of Saskatchewan, and Western Australia. It owns and operates approximately 9,000 kilometers of natural gas pipelines, 16 compressor sites, approximately 3,700 receipt and delivery points, and a salt cavern storage peaking facility located near Fort Saskatchewan, Alberta in Canada. The Energy Infrastructure segment provides electricity generation, natural gas storage, industrial water, and related infrastructure development solutions in Alberta, the Yukon, the Northwest Territories, Australia, Mexico, and Chile. The Corporate & Other segment retails electricity and natural gas business in Alberta. The company was incorporated in 1927 and is headquartered in Calgary, Canada. Canadian Utilities Limited is a subsidiary of ATCO Ltd.",1982-09-16,Utilities?”Diversified,https://www.canadianutilities.com,4796,3515000000,Ms. Nancy Southern,NA,14032927500,NA,5302 Forand St SW,"Calgary, ALBERTA, CA",T3E 8B4,https://www.canadianutilities.com,https://www.canadianutilities.com,https://financialmodelingprep.com/image-stock/CU.TO.png,"#Canadian Utilities Limited, #Utilities?”Diversified, #Utilities",17,1,TRUE,2022-05-23,2022-05-23
6,EXFO Inc.,EXFO Inc.,"EXFO Inc. provides test, monitoring and analytics solutions for fixed and mobile communications service providers, web-scale operators, and network equipment. It offers field network testing products, such as copper/DSL testing, dispersion analysis, fiber inspection, light sources, live fiber detection, network protocol testing, optical fiber multimeter, optical loss testing, optical time domain reflectometry and iOLM, power meters, spectral testing, test function virtualization, and test reporting and automation products, as well as modular test platforms. The company also provides lab and manufacturing testing network protocol testing products, network simulation and load testing products, optical benchtop kits, optical communication analyzers, optical light sources, optical power meters, optical spectrum analyzers, switch and utility modules, test platforms, variable attenuators, tunable filters, optical component testers, and tunable sources; and service assurance products, such as fiber monitoring, network probe, network topology management, monitoring and troubleshooting, RAN optimization, and real-time analytics. In addition, it offers mobile portfolio that consists of network simulators and optical radio frequency test solutions for turning up and troubleshooting fiber-based mobile networks; PC-centric and open-ended platforms with cloud-based software applications; and Internet protocol assurance services, as well as monitoring services for 2G, 3G, 4G/LTE, and 5G mobile networks. The company sells products through its direct sales force, sales representatives, and distributors in the Americas, Europe, the Middle-East, Africa, and the Asia-Pacific. EXFO Inc. was founded in 1985 and is headquartered in QuÃ©bec City, Canada.","EXFO Inc. provides test, monitoring and analytics solutions for fixed and mobile communications service providers, web-scale operators, and network equipment. It offers field network testing products, such as copper/DSL testing, dispersion analysis, fiber inspection, light sources, live fiber detection, network protocol testing, optical fiber multimeter, optical loss testing, optical time domain reflectometry and iOLM, power meters, spectral testing, test function virtualization, and test reporting and automation products, as well as modular test platforms. The company also provides lab and manufacturing testing network protocol testing products, network simulation and load testing products, optical benchtop kits, optical communication analyzers, optical light sources, optical power meters, optical spectrum analyzers, switch and utility modules, test platforms, variable attenuators, tunable filters, optical component testers, and tunable sources; and service assurance products, such as fiber monitoring, network probe, network topology management, monitoring and troubleshooting, RAN optimization, and real-time analytics. In addition, it offers mobile portfolio that consists of network simulators and optical radio frequency test solutions for turning up and troubleshooting fiber-based mobile networks; PC-centric and open-ended platforms with cloud-based software applications; and Internet protocol assurance services, as well as monitoring services for 2G, 3G, 4G/LTE, and 5G mobile networks. The company sells products through its direct sales force, sales representatives, and distributors in the Americas, Europe, the Middle-East, Africa, and the Asia-Pacific. EXFO Inc. was founded in 1985 and is headquartered in QuÃ©bec City, Canada.",2001-08-20,Communication Equipment,http://www.exfo.com,1814,265583000,Mr. Philippe Morin,NA,14186830211,NA,400 Godin Ave,"Quebec City, QUEBEC, CA",G1M 2K2,http://www.exfo.com,http://www.exfo.com,https://financialmodelingprep.com/image-stock/EXF.TO.png,"#EXFO Inc., #Communication Equipment, #Technology",17,1,FALSE,2022-05-23,2022-05-23
7,Absolute Software Corporation,Absolute Software Corporation,"Absolute Software Corporation develops, markets, and provides cloud-based endpoint visibility and control platform for the management and security of computing devices, applications, and data for enterprise and public sector organizations. The company offers the Absolute platform to provide the connectivity, visibility, and control of data and devices of the operating system; to recover automatically to a secure operational state without user intervention; to support various other security controls and productivity tools from decay and vulnerabilities; and to enable measurement of the health, compliance, and state of decay of endpoint security controls and productivity tools self-healing if the application becomes uninstalled or broken. It also provides customer support, professional services, investigation services, support and education, and customer programs. The company markets its solutions through device original equipment manufacturers, distributors, and value added resellers, as well as directly to corporations, government agencies, educational institutions, financial services, healthcare sectors, and consumers. It operates in North America, Europe, and Africa, as well as the Asia-Pacific and Latin American regions. Absolute Software Corporation was incorporated in 1993 and is headquartered in Vancouver, Canada.","Absolute Software Corporation develops, markets, and provides cloud-based endpoint visibility and control platform for the management and security of computing devices, applications, and data for enterprise and public sector organizations. The company offers the Absolute platform to provide the connectivity, visibility, and control of data and devices of the operating system; to recover automatically to a secure operational state without user intervention; to support various other security controls and productivity tools from decay and vulnerabilities; and to enable measurement of the health, compliance, and state of decay of endpoint security controls and productivity tools self-healing if the application becomes uninstalled or broken. It also provides customer support, professional services, investigation services, support and education, and customer programs. The company markets its solutions through device original equipment manufacturers, distributors, and value added resellers, as well as directly to corporations, government agencies, educational institutions, financial services, healthcare sectors, and consumers. It operates in North America, Europe, and Africa, as well as the Asia-Pacific and Latin American regions. Absolute Software Corporation was incorporated in 1993 and is headquartered in Vancouver, Canada.",2020-12-15,Software?”Application,https://www.absolute.com,530,120784000,Ms. Christy  Wyatt,NA,604-730-9851,NA,Four Bentall Centre,"Vancouver, BC, CA",V7X 1K8,https://www.absolute.com,https://www.absolute.com,https://financialmodelingprep.com/image-stock/ABST.TO.png,"#Absolute Software Corporation, #Software?”Application, #Technology",17,1,TRUE,2022-05-23,2022-05-23
8,MCAN Mortgage Corporation,MCAN Mortgage Corporation,"MCAN Mortgage Corporation operates as a loan and mortgage investment corporation in Canada. The company offers single-family residential mortgages, as well as residential construction, non-residential construction, and commercial loans, as well as engages in the real estate investments trusts and private investment activities. It also provides term deposits through a network of independent financial agents. The company was formerly known as MCAP Inc. and changed its name to MCAN Mortgage Corporation in September 2006. MCAN Mortgage Corporation was founded in 1980 and is headquartered in Toronto, Canada.","MCAN Mortgage Corporation operates as a loan and mortgage investment corporation in Canada. The company offers single-family residential mortgages, as well as residential construction, non-residential construction, and commercial loans, as well as engages in the real estate investments trusts and private investment activities. It also provides term deposits through a network of independent financial agents. The company was formerly known as MCAP Inc. and changed its name to MCAN Mortgage Corporation in September 2006. MCAN Mortgage Corporation was founded in 1980 and is headquartered in Toronto, Canada.",1992-01-17,Mortgage Finance,https://www.mcanmortgage.com,128,96495000,Ms. Karen Weaver,NA,14165915214,NA,200 King St W Suite 600,"TORONTO, ONTARIO, CA",M5H 3T4,https://www.mcanmortgage.com,https://www.mcanmortgage.com,https://financialmodelingprep.com/image-stock/MKP.TO.jpg,"#MCAN Mortgage Corporation, #Mortgage Finance, #Financial Services",17,1,TRUE,2022-05-23,2022-05-23
9,Laurentian Bank of Canada,Laurentian Bank of Canada,"Laurentian Bank of Canada, together with its subsidiaries, provides various financial services to personal, business, and institutional customers in Canada and the United States. It operates through three segments: Personal Banking, Commercial Banking, and Capital Markets. The company offers notice, demand, and term deposits; commercial, residential mortgage, and personal loans; real estate, and equipment and inventory financing; and credit life and disability insurance products. It also provides investment securities services; research, market analysis, and advisory services; corporate underwriting services for debt and equity; and administrative, foreign exchange, and trustee services. The company sells its products through the bank's financial clinics, advisors, broker channels, and digital platforms. Laurentian Bank of Canada was founded in 1846 and is headquartered in MontrÃ©al, Canada.","Laurentian Bank of Canada, together with its subsidiaries, provides various financial services to personal, business, and institutional customers in Canada and the United States. It operates through three segments: Personal Banking, Commercial Banking, and Capital Markets. The company offers notice, demand, and term deposits; commercial, residential mortgage, and personal loans; real estate, and equipment and inventory financing; and credit life and disability insurance products. It also provides investment securities services; research, market analysis, and advisory services; corporate underwriting services for debt and equity; and administrative, foreign exchange, and trustee services. The company sells its products through the bank's financial clinics, advisors, broker channels, and digital platforms. Laurentian Bank of Canada was founded in 1846 and is headquartered in MontrÃ©al, Canada.",1981-05-22,Banks?”Regional,https://lbcfg.ca,2900,962877000,Mr. Francois Desjardins,NA,15142844500,NA,1420-1981 McGill College Ave,"MONTREAL, QUEBEC, CA",H3G 0E5,https://lbcfg.ca,https://lbcfg.ca,https://financialmodelingprep.com/image-stock/LB.TO.png,"#Laurentian Bank of Canada, #Banks?”Regional, #Financial Services",17,1,TRUE,2022-05-23,2022-05-23
10,Freehold Royalties Ltd.,Freehold Royalties Ltd.,"Freehold Royalties Ltd., an oil and gas royalty company, owns working interests in oil, natural gas, natural gas liquids, and potash properties in Western Canada and the United States. The company holds approximately 6.2 million gross acres of land in Canada and 0.8 million gross drilling unit acres in the United States. It has royalty interests in approximately 15,000 producing wells and receives royalty from approximately 350 industry operators in North America. The company was founded in 1996 and is headquartered in Calgary, Canada.","Freehold Royalties Ltd., an oil and gas royalty company, owns working interests in oil, natural gas, natural gas liquids, and potash properties in Western Canada and the United States. The company holds approximately 6.2 million gross acres of land in Canada and 0.8 million gross drilling unit acres in the United States. It has royalty interests in approximately 15,000 producing wells and receives royalty from approximately 350 industry operators in North America. The company was founded in 1996 and is headquartered in Calgary, Canada.",1996-11-25,Oil & Gas E&P,https://www.freeholdroyalties.com,0,206191000,Mr. Thomas Mullane,NA,14032210802,NA,"1000, 517 - 10th Avenue SW","Calgary, ALBERTA, CA",T2R 0A8,https://www.freeholdroyalties.com,https://www.freeholdroyalties.com,https://financialmodelingprep.com/image-stock/FRU.TO.png,"#Freehold Royalties Ltd., #Oil & Gas E&P, #Energy",17,1,TRUE,2022-05-23,2022-05-23
11,WELL Health Technologies Corp.,WELL Health Technologies Corp.,"WELL Health Technologies Corp. operates as a practitioner focused digital health company in Canada, the United States, and internationally. It offers end-to-end omni-channel patient services, including primary care; physiotherapy, occupational therapy, chiropractic, dietary, mental health counselling, and sleep related services; specialized care, including gastroenterologists; diagnostic services related to cardiology, women's health, and bone/muscle health and cancer diagnostics; and telehealth services. The company also operates OSCAR Pro, an electronic medical records platform; telehealth platforms, including Tia Health, VirtualClinic+, VirtuelMed, Adracare, and Circle Medical; Apps.health, a digital health app marketplace; Insig, which offers virtual care and digital patient engagement services; billing and revenue cycle management solutions for billing and back-office services comprising billing-as-a-service outsourcing services to doctors; and cybersecurity protection and patient data privacy solutions. As of December 31, 2021, the company operated 30 primary care and executive care clinics; and provides primary care, specialty care, and accredited diagnostic health services through 49 locations across Ontario. The company was formerly known as Wellness Lifestyles Inc. and changed its name to WELL Health Technologies Corp. in July 2018. WELL Health Technologies Corp. was incorporated in 2010 and is headquartered in Vancouver, Canada.","WELL Health Technologies Corp. operates as a practitioner focused digital health company in Canada, the United States, and internationally. It offers end-to-end omni-channel patient services, including primary care; physiotherapy, occupational therapy, chiropractic, dietary, mental health counselling, and sleep related services; specialized care, including gastroenterologists; diagnostic services related to cardiology, women's health, and bone/muscle health and cancer diagnostics; and telehealth services. The company also operates OSCAR Pro, an electronic medical records platform; telehealth platforms, including Tia Health, VirtualClinic+, VirtuelMed, Adracare, and Circle Medical; Apps.health, a digital health app marketplace; Insig, which offers virtual care and digital patient engagement services; billing and revenue cycle management solutions for billing and back-office services comprising billing-as-a-service outsourcing services to doctors; and cybersecurity protection and patient data privacy solutions. As of December 31, 2021, the company operated 30 primary care and executive care clinics; and provides primary care, specialty care, and accredited diagnostic health services through 49 locations across Ontario. The company was formerly known as Wellness Lifestyles Inc. and changed its name to WELL Health Technologies Corp. in July 2018. WELL Health Technologies Corp. was incorporated in 2010 and is headquartered in Vancouver, Canada.",2020-01-10,Medical Care Facilities,https://www.well.company,1507,302324000,Mr. Hamed  Shahbazi BSc,NA,604 628 7266,NA,322 Water Street,"Vancouver, BC, CA",V6B 1B6,https://www.well.company,https://www.well.company,https://financialmodelingprep.com/image-stock/WELL.TO.png,"#WELL Health Technologies Corp., #Medical Care Facilities, #Healthcare",17,1,TRUE,2022-05-23,2022-05-23
12,Total Energy Services Inc.,Total Energy Services Inc.,"Total Energy Services Inc. provides various products and services to the oil and natural gas industry primarily in Canada, the United States, and Australia. It operates through four segments: Contract Drilling Services, Rentals and Transportation Services, Compression and Process Services and Well Servicing. The Contract Drilling Services segment offers contract drilling services to oil and gas exploration and development companies. As of December 31, 2021, it operated a total fleet of 95 drilling rigs. The Rentals and Transportation Services segment provides drilling, completion and production rental equipment, and oilfield transportation services in western Canada and in the United States. This segment owned and operated a fleet of 79 heavy trucks. The Compression and Process Services segment offers gas compression services; and designs and packages skid style compressors and proprietary trailer-mounted compressors under the NOMAD brand in Canada and the United States, the European Union, Australia, and Mexico. It had 53,800 horsepower of compression in its rental fleet. The Well Servicing segment offers well services. This segment operated a total fleet of 83 well servicing rigs across Western Canada, mid-western United States, and Australia. The company was founded in 1996 and is headquartered in Calgary, Canada.","Total Energy Services Inc. provides various products and services to the oil and natural gas industry primarily in Canada, the United States, and Australia. It operates through four segments: Contract Drilling Services, Rentals and Transportation Services, Compression and Process Services and Well Servicing. The Contract Drilling Services segment offers contract drilling services to oil and gas exploration and development companies. As of December 31, 2021, it operated a total fleet of 95 drilling rigs. The Rentals and Transportation Services segment provides drilling, completion and production rental equipment, and oilfield transportation services in western Canada and in the United States. This segment owned and operated a fleet of 79 heavy trucks. The Compression and Process Services segment offers gas compression services; and designs and packages skid style compressors and proprietary trailer-mounted compressors under the NOMAD brand in Canada and the United States, the European Union, Australia, and Mexico. It had 53,800 horsepower of compression in its rental fleet. The Well Servicing segment offers well services. This segment operated a total fleet of 83 well servicing rigs across Western Canada, mid-western United States, and Australia. The company was founded in 1996 and is headquartered in Calgary, Canada.",1998-12-14,Oil & Gas Equipment & Services,https://www.totalenergy.ca,1976,431576000,"Mr. Daniel Kim Halyk B.Comm, LLB",NA,18778186825,NA,311 6 Ave SW Suite 800,"Calgary, ALBERTA, CA",T2P 3P8,https://www.totalenergy.ca,https://www.totalenergy.ca,https://financialmodelingprep.com/image-stock/TOT.TO.jpg,"#Total Energy Services Inc., #Oil & Gas Equipment & Services, #Energy",17,1,TRUE,2022-05-23,2022-05-23
13,Obsidian Energy Ltd.,Obsidian Energy Ltd.,"Obsidian Energy Ltd. primarily focuses on the exploration, production, and development of oil and natural gas properties in the Western Canada Sedimentary Basin. The company was formerly known as Penn West Petroleum Ltd. and changed its name to Obsidian Energy Ltd. in June 2017. Obsidian Energy Ltd. is headquartered in Calgary, Canada.","Obsidian Energy Ltd. primarily focuses on the exploration, production, and development of oil and natural gas properties in the Western Canada Sedimentary Basin. The company was formerly known as Penn West Petroleum Ltd. and changed its name to Obsidian Energy Ltd. in June 2017. Obsidian Energy Ltd. is headquartered in Calgary, Canada.",1980-08-01,Oil & Gas E&P,https://www.obsidianenergy.com,173,497500000,Mr. Stephen Elias Loukas,NA,403 777 2500,NA,207 ??9th Avenue SW,"Calgary, AB, CA",T2P 1K3,https://www.obsidianenergy.com,https://www.obsidianenergy.com,https://financialmodelingprep.com/image-stock/OBE.TO.png,"#Obsidian Energy Ltd., #Oil & Gas E&P, #Energy",17,1,TRUE,2022-05-23,2022-05-23
14,Shawcor Ltd.,Shawcor Ltd.,"Shawcor Ltd. operates as a material sciences company that serves the infrastructure, energy, and transportation markets worldwide. It operates through three segments: Composite Systems, Automotive and Industrial, and Pipeline and Pipe Services. The Composite Systems segment manufactures flexible composite and high density polyethylene pipes that are used for oil and gas gathering, water disposal, carbon dioxide injection pipelines, and other applications; fiberglass reinforced plastic underground storage tanks for the retail fuel, water and wastewater, and oil and gas markets; and tubular management services to the Western Canadian onshore oilfield market, including inventory management systems, mobile inspection, in-plant inspection and the refurbishment and rethreading of drill pipe, production tubing and casing, and tubular products. The Automotive and Industrial segment manufactures heat-shrinkable products, including thin, medium, and heavy-walled tubing; sleeves and molded products, as well as heat-shrink accessories and equipment; and low-voltage wires and cables for control, instrumentation, thermocouple, power, and industrial applications. The Pipeline and Pipe Services segment offers specialized internal anti-corrosion and flow efficiency pipe coating systems, insulation coating systems, weight coating systems, and custom coating and field joint application services for onshore and offshore pipelines; provides ultrasonic and radiographic pipeline girth weld inspection services to pipeline operators and construction contractors; non-destructive testing services for oil and gas gathering pipelines and oilfield infrastructure integrity management; and pipeline engineering and integrity management services to North American pipeline operators and other infrastructure operators. The company was formerly known as Shaw Industries Ltd. and changed its name to Shawcor Ltd. in 2001. Shawcor Ltd. was founded in 1930 and is headquartered in Toronto, Canada.","Shawcor Ltd. operates as a material sciences company that serves the infrastructure, energy, and transportation markets worldwide. It operates through three segments: Composite Systems, Automotive and Industrial, and Pipeline and Pipe Services. The Composite Systems segment manufactures flexible composite and high density polyethylene pipes that are used for oil and gas gathering, water disposal, carbon dioxide injection pipelines, and other applications; fiberglass reinforced plastic underground storage tanks for the retail fuel, water and wastewater, and oil and gas markets; and tubular management services to the Western Canadian onshore oilfield market, including inventory management systems, mobile inspection, in-plant inspection and the refurbishment and rethreading of drill pipe, production tubing and casing, and tubular products. The Automotive and Industrial segment manufactures heat-shrinkable products, including thin, medium, and heavy-walled tubing; sleeves and molded products, as well as heat-shrink accessories and equipment; and low-voltage wires and cables for control, instrumentation, thermocouple, power, and industrial applications. The Pipeline and Pipe Services segment offers specialized internal anti-corrosion and flow efficiency pipe coating systems, insulation coating systems, weight coating systems, and custom coating and field joint application services for onshore and offshore pipelines; provides ultrasonic and radiographic pipeline girth weld inspection services to pipeline operators and construction contractors; non-destructive testing services for oil and gas gathering pipelines and oilfield infrastructure integrity management; and pipeline engineering and integrity management services to North American pipeline operators and other infrastructure operators. The company was formerly known as Shaw Industries Ltd. and changed its name to Shawcor Ltd. in 2001. Shawcor Ltd. was founded in 1930 and is headquartered in Toronto, Canada.",1980-06-02,Oil & Gas Equipment & Services,https://www.shawcor.com,5887,1143000000,Mr. Stephen Orr,NA,14167437111,NA,25 Bethridge Road,"TORONTO, ONTARIO, CA",M9W 1M7,https://www.shawcor.com,https://www.shawcor.com,https://financialmodelingprep.com/image-stock/SCL.TO.png,"#Shawcor Ltd., #Oil & Gas Equipment & Services, #Energy",17,1,TRUE,2022-05-23,2022-05-23
15,Ensign Energy Services Inc.,Ensign Energy Services Inc.,"Ensign Energy Services Inc., together with its subsidiaries, provides oilfield services to the crude oil and natural gas industries in Canada, the United States, and internationally. The company offers shallow, intermediate, and deep well drilling, as well as specialized drilling services, including horizontal, underbalanced, horizontal re-entry, and slant drilling for steam assisted gravity drainage applications; and equipment and services. It also provides coring and oil sands drilling services to the mining, and oil and natural gas industries; directional drilling and related services for conventional and horizontal drilling applications; shallow to deep well services, such as completions, abandonments, production workovers, and bottom hole pump changes for oil and natural gas producers; and interactive pressure drilling services with self-contained systems comprising nitrogen generation and compression equipment, and surface control systems. In addition, the company rents drill strings, loaders, tanks, pumps, rig mattings, blow-out preventers, waste bins, and wastewater treatment equipment for the drilling and completions segments of the oilfield industry. Further, the company offers transportation services. As of December 31, 2021, it operated a fleet of 262 land drilling rigs, 21 specialty coring rigs, and 100 well servicing rigs. The company was incorporated in 1987 and is headquartered in Calgary, Canada.","Ensign Energy Services Inc., together with its subsidiaries, provides oilfield services to the crude oil and natural gas industries in Canada, the United States, and internationally. The company offers shallow, intermediate, and deep well drilling, as well as specialized drilling services, including horizontal, underbalanced, horizontal re-entry, and slant drilling for steam assisted gravity drainage applications; and equipment and services. It also provides coring and oil sands drilling services to the mining, and oil and natural gas industries; directional drilling and related services for conventional and horizontal drilling applications; shallow to deep well services, such as completions, abandonments, production workovers, and bottom hole pump changes for oil and natural gas producers; and interactive pressure drilling services with self-contained systems comprising nitrogen generation and compression equipment, and surface control systems. In addition, the company rents drill strings, loaders, tanks, pumps, rig mattings, blow-out preventers, waste bins, and wastewater treatment equipment for the drilling and completions segments of the oilfield industry. Further, the company offers transportation services. As of December 31, 2021, it operated a fleet of 262 land drilling rigs, 21 specialty coring rigs, and 100 well servicing rigs. The company was incorporated in 1987 and is headquartered in Calgary, Canada.",1993-06-25,Oil & Gas Drilling,https://www.ensignenergy.com,4160,995594000,NA,NA,14032621361,NA,400 5 Ave SW Suite 1000,"Calgary, ALBERTA, CA",T2P 0L6,https://www.ensignenergy.com,https://www.ensignenergy.com,https://financialmodelingprep.com/image-stock/ESI.TO.png,"#Ensign Energy Services Inc., #Oil & Gas Drilling, #Energy",17,1,TRUE,2022-05-23,2022-05-23
16,Forsys Metals Corp.,Forsys Metals Corp.,"Forsys Metals Corp., an exploration stage company, engages in the acquisition, exploration, and development of mineral properties in Namibia, Africa. The company explores for uranium and gold mineral properties. Its flagship project is Norasa Uranium Project, which includes the Valencia project covering an area of 735.6 hectares located in the south-west of the town of Usakos in central-west Namibia; and the Namibplaas project located in the northeast of Valencia. The company was formerly known as Forsys Technologies Inc. and changed its name to Forsys Metals Corp. in June 2005. Forsys Metals Corp. was incorporated in 1985 and is headquartered in Toronto, Canada.","Forsys Metals Corp., an exploration stage company, engages in the acquisition, exploration, and development of mineral properties in Namibia, Africa. The company explores for uranium and gold mineral properties. Its flagship project is Norasa Uranium Project, which includes the Valencia project covering an area of 735.6 hectares located in the south-west of the town of Usakos in central-west Namibia; and the Namibplaas project located in the northeast of Valencia. The company was formerly known as Forsys Technologies Inc. and changed its name to Forsys Metals Corp. in June 2005. Forsys Metals Corp. was incorporated in 1985 and is headquartered in Toronto, Canada.",1994-05-31,Other Industrial Metals & Mining,https://www.forsysmetals.com,4,0,Mr. Mark Frewin,NA,14168184035,NA,"66 Wellington Street West Suite 5300, Stn Toronto Dom, PO Box 48","TORONTO, ONTARIO, CA",M5C 2T6,https://www.forsysmetals.com,https://www.forsysmetals.com,https://financialmodelingprep.com/image-stock/FSY.TO.png,"#Forsys Metals Corp., #Other Industrial Metals & Mining, #Basic Materials",17,1,TRUE,2022-05-23,2022-05-23
17,Altus Group Limited,Altus Group Limited,"Altus Group Limited provides software, data solutions, and independent advisory services to the commercial real estate industry in Canada, the United States, Europe, and the Asia Pacific. It operates through Altus Analytics and Commercial Real Estate Consulting (CRE Consulting) segments. The Altus Analytics segment offers ARGUS Enterprise, a commercial property valuation and asset management software; ARGUS Taliance, a real estate fund and alternative investment management software; ARGUS EstateMaster, a property development feasibility and management software; and ARGUS Developer, a real estate development pro forma and management software solution; ARGUS Voyanta, a powerful data aggregation, validation, and reporting software solution; ARGUS Acquire, a real estate acquisition deals and pipeline management software; and ARGUS ValueInsight, a commercial real estate valuation software. This segment also offers data subscription products that provide real estate information on the residential, office, industrial, and investment markets; and advisory and managed services. This segment serves equity and debt investors, valuers and appraisers, brokers, developers, banks, and public entities. The CRE Consulting segment offers real estate property tax services, including assessment reviews, management, and appeals, as well as personal property, and state and local tax advisory services; valuation services, such as appraisals of real estate portfolios, valuation of properties, due diligence, litigation, and economic consulting services; and construction feasibility study, budgeting, cost and loan monitoring, and project management services to owner operators, developers, financial institutions, and CRE asset holders and investors. The company was founded in 2005 and is headquartered in Toronto, Canada.","Altus Group Limited provides software, data solutions, and independent advisory services to the commercial real estate industry in Canada, the United States, Europe, and the Asia Pacific. It operates through Altus Analytics and Commercial Real Estate Consulting (CRE Consulting) segments. The Altus Analytics segment offers ARGUS Enterprise, a commercial property valuation and asset management software; ARGUS Taliance, a real estate fund and alternative investment management software; ARGUS EstateMaster, a property development feasibility and management software; and ARGUS Developer, a real estate development pro forma and management software solution; ARGUS Voyanta, a powerful data aggregation, validation, and reporting software solution; ARGUS Acquire, a real estate acquisition deals and pipeline management software; and ARGUS ValueInsight, a commercial real estate valuation software. This segment also offers data subscription products that provide real estate information on the residential, office, industrial, and investment markets; and advisory and managed services. This segment serves equity and debt investors, valuers and appraisers, brokers, developers, banks, and public entities. The CRE Consulting segment offers real estate property tax services, including assessment reviews, management, and appeals, as well as personal property, and state and local tax advisory services; valuation services, such as appraisals of real estate portfolios, valuation of properties, due diligence, litigation, and economic consulting services; and construction feasibility study, budgeting, cost and loan monitoring, and project management services to owner operators, developers, financial institutions, and CRE asset holders and investors. The company was founded in 2005 and is headquartered in Toronto, Canada.",2005-05-19,Real Estate Services,https://www.altusgroup.com,2600,625387000,Mr. Robert Courteau,NA,14166419500,NA,33 Yonge St Suite 500,"TORONTO, ONTARIO, CA",M5E 1G4,https://www.altusgroup.com,https://www.altusgroup.com,https://financialmodelingprep.com/image-stock/AIF.TO.png,"#Altus Group Limited, #Real Estate Services, #Real Estate",17,1,TRUE,2022-05-23,2022-05-23
18,Global Dividend Growth Split Corp.,Global Dividend Growth Split Corp.,Global Dividend Growth Split Corp. is an equity mutual fund launched and managed by Brompton Funds Limited. The fund invests in the public equity markets across the globe. It invests in the growth stocks of companies with large-capitalization. Global Dividend Growth Split Corp.,Global Dividend Growth Split Corp. is an equity mutual fund launched and managed by Brompton Funds Limited. The fund invests in the public equity markets across the globe. It invests in the growth stocks of companies with large-capitalization. Global Dividend Growth Split Corp.,2018-06-15,Asset Management,https://www.bromptongroup.com/funds/fund/gdv/overview,,29086398,NA,NA,416-642-9061,NA,Bay Wellington Tower,"Toronto, ON, CA",M5J 2T3,https://www.bromptongroup.com/funds/fund/gdv/overview,https://www.bromptongroup.com/funds/fund/gdv/overview,https://financialmodelingprep.com/image-stock/GDV.TO.png,"#Global Dividend Growth Split Corp., #Asset Management, #Financial Services",17,1,TRUE,2022-05-23,2022-05-23
19,Lucara Diamond Corp.,Lucara Diamond Corp.,"Lucara Diamond Corp., a diamond mining company, focuses on the development and operation of diamond properties in Africa. The company holds 100% interests in the Karowe mine located in Botswana. It also operates Clara Platform, a digital platform for the sale of rough diamonds. The company was formerly known as Bannockburn Resources Limited and changed its name to Lucara Diamond Corp. in August 2007. Lucara Diamond Corp. was incorporated in 1981 and is based in Vancouver, Canada.","Lucara Diamond Corp., a diamond mining company, focuses on the development and operation of diamond properties in Africa. The company holds 100% interests in the Karowe mine located in Botswana. It also operates Clara Platform, a digital platform for the sale of rough diamonds. The company was formerly known as Bannockburn Resources Limited and changed its name to Lucara Diamond Corp. in August 2007. Lucara Diamond Corp. was incorporated in 1981 and is based in Vancouver, Canada.",2006-02-07,Other Precious Metals & Mining,https://lucaradiamond.com,324,230078000,Ms. Eira Thomas,NA,16046897842,NA,885 Georgia St W,"Vancouver, BRITISH COLUMBIA, CA",V6B 2Y5,https://lucaradiamond.com,https://lucaradiamond.com,https://financialmodelingprep.com/image-stock/LUC.TO.png,"#Lucara Diamond Corp., #Other Precious Metals & Mining, #Basic Materials",17,1,TRUE,2022-05-23,2022-05-23
20,D-BOX Technologies Inc.,D-BOX Technologies Inc.,"D-BOX Technologies Inc. designs, manufactures, commercializes, and leases haptic systems for the home entertainment, commercial entertainment, and simulation and training markets worldwide. It produces haptic effects programmed for visual content, which are sent to a haptic system integrated within a platform, a seat, or various types of equipment. The company sells or leases D-BOX hardware, including haptic seats, haptic controllers, and electronic interfaces or servers, as well as haptic bases that are integrated into recliners or seats; licenses D-BOX Haptic Code in commercial theatres and entertainment centers equipped with the D-BOX haptic systems to play content encoded by D-BOX; and sells actuators to resellers, integrators, and equipment or seating manufacturers. It also provides video game peripherals, such as video gaming chairs, video game controllers, and sim racing rigs; virtual reality systems; and furniture, including recliners and love seats. In addition, the company offers haptic systems for flight simulation, heavy equipment/cranes, driving/racing, automobile and sim racing, defense, wellness, and virtual reality industries. D-BOX Technologies Inc. is headquartered in Longueuil, Canada.","D-BOX Technologies Inc. designs, manufactures, commercializes, and leases haptic systems for the home entertainment, commercial entertainment, and simulation and training markets worldwide. It produces haptic effects programmed for visual content, which are sent to a haptic system integrated within a platform, a seat, or various types of equipment. The company sells or leases D-BOX hardware, including haptic seats, haptic controllers, and electronic interfaces or servers, as well as haptic bases that are integrated into recliners or seats; licenses D-BOX Haptic Code in commercial theatres and entertainment centers equipped with the D-BOX haptic systems to play content encoded by D-BOX; and sells actuators to resellers, integrators, and equipment or seating manufacturers. It also provides video game peripherals, such as video gaming chairs, video game controllers, and sim racing rigs; virtual reality systems; and furniture, including recliners and love seats. In addition, the company offers haptic systems for flight simulation, heavy equipment/cranes, driving/racing, automobile and sim racing, defense, wellness, and virtual reality industries. D-BOX Technologies Inc. is headquartered in Longueuil, Canada.",2000-02-14,Consumer Electronics,https://www.d-box.com,90,11080000,Mr. Sebastien Mailhot,NA,14504423003,NA,2172 De la Province St,"Longueuil, QUEBEC, CA",J4G 1R7,https://www.d-box.com,https://www.d-box.com,https://financialmodelingprep.com/image-stock/DBO.TO.png,"#D-BOX Technologies Inc., #Consumer Electronics, #Technology",17,1,TRUE,2022-05-23,2022-05-23
21,Bengal Energy Ltd.,Bengal Energy Ltd.,"Bengal Energy Ltd. engages in the exploration, development, and production of oil and gas reserves in Australia. It principally holds interests in the 303 Cuisinier, ATP 934 Barrolka, ATP 732 Tookoonooka, and other petroleum licenses situated within an area of the Cooper Basin. The company was formerly known as Avery Resources Inc. and changed its name to Bengal Energy Ltd. in July 2008. Bengal Energy Ltd. was incorporated in 1999 and is headquartered in Calgary, Canada.","Bengal Energy Ltd. engages in the exploration, development, and production of oil and gas reserves in Australia. It principally holds interests in the 303 Cuisinier, ATP 934 Barrolka, ATP 732 Tookoonooka, and other petroleum licenses situated within an area of the Cooper Basin. The company was formerly known as Avery Resources Inc. and changed its name to Bengal Energy Ltd. in July 2008. Bengal Energy Ltd. was incorporated in 1999 and is headquartered in Calgary, Canada.",1997-05-16,Oil & Gas E&P,https://www.bengalenergy.ca,,5234000, Chayan Chakrabarty,NA,14032052526,NA,715 5 Ave SW Suite 2000,"Calgary, ALBERTA, CA",T2P 2X6,https://www.bengalenergy.ca,https://www.bengalenergy.ca,https://financialmodelingprep.com/image-stock/BNG.TO.jpg,"#Bengal Energy Ltd., #Oil & Gas E&P, #Energy",17,1,TRUE,2022-05-23,2022-05-23
22,Africa Oil Corp.,Africa Oil Corp.,"Africa Oil Corp., together with its subsidiaries, operates as an oil and gas exploration and production company in Kenya, Nigeria, and South Africa. The company holds interests in producing and development assets in deep-water Nigeria and development assets in Kenya. It also has a portfolio of exploration assets in Guyana, Kenya, Namibia, Nigeria, South Africa, Ethiopia, and in the Senegal Guinea Bissau Joint Development Zone. The company was formerly known as Canmex Minerals Corporation and changed its name to Africa Oil Corp. in August 2007. Africa Oil Corp. was incorporated in 1983 and is headquartered in Vancouver, Canada.","Africa Oil Corp., together with its subsidiaries, operates as an oil and gas exploration and production company in Kenya, Nigeria, and South Africa. The company holds interests in producing and development assets in deep-water Nigeria and development assets in Kenya. It also has a portfolio of exploration assets in Guyana, Kenya, Namibia, Nigeria, South Africa, Ethiopia, and in the Senegal Guinea Bissau Joint Development Zone. The company was formerly known as Canmex Minerals Corporation and changed its name to Africa Oil Corp. in August 2007. Africa Oil Corp. was incorporated in 1983 and is headquartered in Vancouver, Canada.",1996-01-03,Oil & Gas E&P,https://africaoilcorp.com,39,0,Mr. Keith Hill,NA,16046897842,NA,2000-885 Georgia St W,"Vancouver, BRITISH COLUMBIA, CA",V6C 3E8,https://africaoilcorp.com,https://africaoilcorp.com,https://financialmodelingprep.com/image-stock/AOI.TO.png,"#Africa Oil Corp., #Oil & Gas E&P, #Energy",17,1,TRUE,2022-05-23,2022-05-23
